id,nome,cidade
p0,Isaque Melo,Teixeira
p1,Matteo Gonçalves,Sá do Campo
p2,João Pacheco,da Conceição do Campo
p3,Manuela Mendes,Caldeira do Amparo
p4,Heloísa Nogueira,Aragão do Campo
p5,Ian Marques,Novaes
p6,Pedro Henrique Vasconcelos,Carvalho
p7,Alana Borges,Vargas
p8,Davi Luiz Peixoto,Almeida
p9,Alexia Siqueira,da Conceição Verde
p10,João Miguel Mendes,Vargas das Flores
p11,Luísa Leão,Alves da Praia
p12,Maitê da Luz,Câmara da Serra
p13,Anthony Gabriel Porto,Machado
p14,Natália Araújo,Rios
p15,Carolina Nogueira,Nogueira do Amparo
p16,Amanda Silveira,Moura
p17,Rael Mendonça,da Paz
p18,Caio Casa Grande,Casa Grande
p19,Sofia Albuquerque,Correia do Norte
p20,Sr. Luan Almeida,da Paz
p21,Antony Rezende,Ramos de Machado
p22,Nicolas Santos,Castro
p23,Joana Viana,Brito dos Dourados
p24,Arthur Miguel Fogaça,Gomes de Câmara
p25,Henry Gabriel Pacheco,Pereira
p26,Letícia Pimenta,Cassiano Grande
p27,Vitor da Cunha,Teixeira do Sul
p28,Olívia Cirino,Ribeiro de Minas
p29,Ana Gonçalves,Lima de Fonseca
p30,Dra. Bianca Cunha,Silva do Amparo
p31,Nicolas Caldeira,Sousa das Pedras
p32,Lorena Rodrigues,da Mata
p33,Rafaela Aragão,da Paz Alegre
p34,Pedro Moreira,Alves
p35,Lucas Gabriel Macedo,Ramos do Galho
p36,Letícia Nogueira,Sá
p37,Luana Aparecida,Gomes Verde
p38,Maitê Caldeira,Lima
p39,Théo Andrade,Barbosa da Prata
p40,Rodrigo Cassiano,Cunha
p41,Ravy da Mota,Mendes de Goiás
p42,Bruna Garcia,Rodrigues da Praia
p43,Danilo Nogueira,Porto da Serra
p44,Maya Cassiano,Cassiano
p45,Theodoro Cardoso,da Rocha
p46,Sra. Bianca Araújo,Andrade das Flores
p47,Ravi Lopes,Cirino de Aragão
p48,Luna Rodrigues,Pereira
p49,Emilly Oliveira,Nunes
p50,Davi Miguel Silveira,da Cruz Paulista
p51,Dra. Vitória Macedo,Ribeiro
p52,Sabrina Oliveira,da Cruz
p53,Henrique Brito,Sá de das Neves
p54,Sra. Ana Vitória Abreu,Pastor
p55,Danilo Duarte,Mendes
p56,Sra. Laís Farias,Macedo
p57,Clarice Nunes,da Rosa de Sá
p58,Maria Clara Barbosa,Oliveira da Serra
p59,Mathias da Luz,Câmara da Prata
p60,Dr. Ryan Fonseca,Ferreira do Oeste
p61,Ravi Lucca Marques,Mendes Verde
p62,Natália Azevedo,da Luz
p63,Maria Clara Viana,da Conceição
p64,Dr. Vitor Hugo Vasconcelos,Santos
p65,Pietra das Neves,Gomes
p66,Cecília Pacheco,Caldeira
p67,Arthur Miguel Nogueira,Cirino
p68,Caio Silva,Teixeira de da Cruz
p69,João Aparecida,Lopes das Pedras
p70,Lavínia Ribeiro,Pastor
p71,Maria Liz Casa Grande,Andrade
p72,Davi Lucas Alves,Campos Alegre
p73,João Miguel Sampaio,Caldeira Verde
p74,Lorenzo Nunes,Silveira
p75,Ágatha da Paz,Borges da Prata
p76,Olívia Rodrigues,Castro
p77,Josué Duarte,Duarte
p78,João Vitor Souza,Sá de Aparecida
p79,Ana Ferreira,das Neves
p80,Clara das Neves,da Mota
p81,Rafael Viana,Sampaio de Peixoto
p82,Sr. Pedro Miguel Silveira,Novaes das Flores
p83,Brenda Farias,Costa
p84,Srta. Kamilly Rios,Ferreira
p85,Ana Júlia Albuquerque,Aragão de Goiás
p86,Kevin Pastor,Sá Verde
p87,Ana da Paz,Pereira
p88,Rhavi Leão,Borges
p89,Asafe Guerra,Duarte
p90,Dr. Renan da Cruz,Siqueira
p91,João Lucas Caldeira,Novais
p92,Murilo Rios,da Conceição Paulista
p93,Srta. Sara Fonseca,Sá
p94,Dr. Théo Moura,da Rocha de da Luz
p95,Eloah Duarte,Borges da Praia
p96,Sr. Leonardo Rodrigues,da Rocha de Pimenta
p97,Olivia Dias,Duarte
p98,Eduardo Lima,Sampaio da Mata
p99,Srta. Allana Silva,Montenegro de Vieira
p100,Calebe Cassiano,da Rosa
p101,Maitê Pacheco,Lopes
p102,Emanuel da Luz,Caldeira
p103,Raul Sampaio,Cavalcante
p104,Emanuella Pires,da Rocha do Oeste
p105,Cecilia Freitas,Vargas
p106,Clara Dias,Sousa
p107,Luiz Henrique Caldeira,Souza de Goiás
p108,Mariane Pacheco,Nunes
p109,Eduarda Pacheco,Rodrigues do Norte
p110,Apollo Sousa,Pires do Sul
p111,Jade Silveira,da Luz
p112,Rael da Paz,Fonseca do Oeste
p113,Ana Liz Marques,Albuquerque de Sales
p114,Nicole Barbosa,Guerra
p115,Stella Campos,Nascimento das Pedras
p116,Otávio Pastor,Silveira da Prata
p117,Davi Teixeira,Viana
p118,Sabrina Pereira,Jesus do Oeste
p119,Juan da Rosa,Sousa
p120,Maria Laura Cavalcanti,da Cruz da Praia
p121,Danilo Pires,Brito de Santos
p122,Srta. Bella Fonseca,Moraes
p123,Dr. Thales Pacheco,Montenegro de Alves
p124,Melina Melo,Silva
p125,Levi Pimenta,Ferreira
p126,Otto das Neves,Macedo
p127,Sra. Zoe Gonçalves,Jesus do Amparo
p128,Maria Helena Oliveira,Rocha de Vieira
p129,Arthur Borges,Monteiro de Lopes
p130,João Felipe da Rocha,da Conceição dos Dourados
p131,Léo Rios,Montenegro da Praia
p132,Alice Oliveira,Pimenta
p133,Ana Beatriz Fernandes,Campos Alegre
p134,Pedro Duarte,Porto de Goiás
p135,Nathan Andrade,da Conceição da Mata
p136,Cecilia da Costa,Cassiano
p137,Maria Isis Souza,Cassiano de da Luz
p138,Dr. Pedro Lucas Garcia,Oliveira
p139,Joana Sales,Mendonça da Prata
p140,Cauã Pinto,Rocha
p141,Gustavo Henrique Peixoto,Melo do Amparo
p142,Sr. Erick Santos,Mendes de Abreu
p143,Luiza Câmara,Lopes de Souza
p144,Sr. Vitor Hugo Peixoto,Macedo Paulista
p145,Maria Júlia Lima,Fernandes
p146,Ana Clara Pinto,Cavalcanti do Campo
p147,Ana Silveira,da Rosa
p148,Heitor Moraes,Nogueira
p149,Sra. Ágatha Duarte,Caldeira
p150,Renan Ramos,das Neves do Oeste
p151,Srta. Ana Vitória Novais,Cunha de Mendes
p152,Sophie Pereira,Cunha de Sampaio
p153,Rafaela Novais,Silva de Moura
p154,Zoe Jesus,Sampaio Paulista
p155,Gustavo Henrique Guerra,Souza do Sul
p156,Elisa da Rocha,Silva
p157,Gabrielly Leão,Moreira
p158,Eduardo Carvalho,Câmara
p159,Arthur Gabriel Viana,Lopes do Norte
p160,Carolina Castro,Rodrigues da Serra
p161,Dra. Letícia Costela,Macedo
p162,Bruna da Mota,da Cruz Alegre
p163,Ana Liz Pastor,Rezende do Galho
p164,Benjamin Cassiano,Cunha
p165,Srta. Maria Laura Peixoto,Souza do Campo
p166,Yuri Vieira,Rios
p167,Pedro Henrique Cunha,Lopes de Gonçalves
p168,Antony Pinto,Silveira da Prata
p169,Anna Liz Pimenta,Carvalho
p170,Hadassa Siqueira,da Paz das Flores
p171,Valentim da Conceição,da Cunha de Dias
p172,Samuel da Costa,Aragão dos Dourados
p173,Ana Laura Ribeiro,Alves
p174,Mirella Nunes,Vargas das Pedras
p175,Nathan Campos,Mendes
p176,Otávio Camargo,Vieira
p177,Dr. Rafael Pacheco,Farias
p178,Dr. Isaque Mendonça,Vargas
p179,Marcela Garcia,Cavalcante dos Dourados
p180,Manuella Sampaio,Oliveira de Guerra
p181,Lívia Aparecida,da Rosa das Flores
p182,Enzo Dias,Fonseca
p183,Pedro Henrique Cunha,Monteiro
p184,Maria Isis Campos,da Conceição de Gomes
p185,Valentim Costa,Peixoto
p186,Daniela Moura,Mendonça de Minas
p187,Sra. Agatha da Luz,Sales de Borges
p188,Dra. Milena Camargo,Rocha de Minas
p189,Vitor Hugo Fogaça,Pinto
p190,Maria Alice Pacheco,Santos
p191,Raul Câmara,Pires de Minas
p192,Luara da Mata,da Rocha Alegre
p193,Gael Henrique Campos,Albuquerque
p194,Srta. Sofia Costela,da Mota de Andrade
p195,Ravi Lucca Ramos,Lopes
p196,Lara das Neves,da Conceição Alegre
p197,Isis Rocha,Porto
p198,Srta. Eloah Barros,Campos
p199,Sra. Alana Gonçalves,Costela
p200,Yago Lima,Pires das Pedras
p201,Benício Pinto,Pereira Verde
p202,Ana Carolina Costela,Castro de Almeida
p203,Bryan Camargo,Vasconcelos das Flores
p204,Ana Silveira,Azevedo de Albuquerque
p205,Dr. Enzo Gabriel Aparecida,das Neves Alegre
p206,Vitor Gabriel Silva,Borges do Oeste
p207,Daniel da Cruz,Sousa
p208,Maria Luísa Cardoso,Camargo
p209,Rhavi Guerra,Casa Grande
p210,Sophie Castro,Fonseca da Serra
p211,Cauã Cardoso,Vieira de Costa
p212,Sra. Luna Costa,Peixoto de Campos
p213,Pedro Henrique Cassiano,Albuquerque
p214,Brayan Fonseca,Guerra do Oeste
p215,Emanuel Cassiano,Duarte Verde
p216,Sra. Emanuelly Brito,Marques
p217,Théo Barros,Ferreira
p218,Arthur Pimenta,Ribeiro
p219,José Pedro Porto,da Mata
p220,Valentina da Conceição,Cavalcante do Norte
p221,Valentina Sá,Campos
p222,Sra. Nicole Araújo,Nogueira
p223,Raul Cavalcanti,Castro Alegre
p224,Giovanna Sousa,da Paz
p225,José Cirino,da Paz
p226,Gustavo Henrique da Costa,Barbosa
p227,Benjamin Peixoto,Teixeira
p228,Srta. Melissa Sá,Carvalho
p229,Isabela Pereira,Marques
p230,Breno Gomes,Pires Grande
p231,Eduarda Campos,Câmara
p232,Gabrielly Nascimento,Câmara
p233,Sr. Diogo Novais,da Mata do Oeste
p234,Daniela Abreu,Barros
p235,Danilo da Mota,Fonseca
p236,Ana Cecília Ramos,Mendonça
p237,Fernanda Ferreira,Caldeira
p238,Caio Azevedo,Teixeira de da Cunha
p239,Srta. Beatriz Pacheco,Monteiro
p240,Luiz Otávio Vieira,Rios do Norte
p241,Brenda da Conceição,Cavalcante
p242,Júlia Cavalcanti,Costa
p243,Ester Camargo,Nunes Alegre
p244,Gael Henrique Cavalcanti,Lopes
p245,Sr. José Duarte,Cavalcante do Galho
p246,Francisco Novais,Fogaça
p247,Ana Beatriz Silva,Mendes
p248,Hellena Carvalho,Sampaio de Novaes
p249,Ian Oliveira,Gomes
p250,Larissa Câmara,Jesus Alegre
p251,Bernardo Moura,Vieira das Pedras
p252,Brenda da Conceição,Gonçalves do Amparo
p253,Luiz Otávio Vieira,da Rocha da Serra
p254,Alice Brito,da Mata
p255,Srta. Larissa Borges,Teixeira das Pedras
p256,Ana Vitória Fernandes,Borges de Goiás
p257,Henry Costa,Aparecida do Sul
p258,Luiz Henrique Albuquerque,Caldeira
p259,Fernanda Fonseca,da Rocha
p260,Cecilia Araújo,Martins de Castro
p261,Kamilly Caldeira,Silva de da Costa
p262,Ana Sophia Oliveira,Nunes
p263,Pedro Henrique Siqueira,Carvalho da Mata
p264,Gael Macedo,da Paz
p265,Augusto Nunes,da Mota de Minas
p266,Miguel Mendonça,Vargas
p267,Manuella Caldeira,Barros de Dias
p268,Antonella da Luz,Sousa da Serra
p269,Danilo Rocha,Vieira Verde
p270,Liam Siqueira,da Conceição
p271,Dr. José Pedro Vargas,Siqueira
p272,Ana Sophia da Mata,Fernandes
p273,Catarina Ramos,Siqueira da Serra
p274,Emanuelly da Conceição,da Rosa
p275,Dr. Augusto Cirino,Rios
p276,Sra. Sara Machado,Vieira do Campo
p277,Luísa Caldeira,Fonseca
p278,Rodrigo da Cruz,Moraes
p279,Lívia Nascimento,Leão de Câmara
p280,Manuela Costa,Lima
p281,Ravi Carvalho,Moura
p282,Lucas Gabriel da Cunha,Cavalcante do Campo
p283,João Felipe Gomes,Novaes
p284,Ryan Macedo,Nogueira das Pedras
p285,Lucca Cavalcante,Mendonça da Praia
p286,Oliver Vasconcelos,Moraes
p287,Sra. Maria Eduarda Souza,Fonseca de Garcia
p288,Danilo Costa,Vieira
p289,Davi Miguel Monteiro,da Rosa
p290,Davi Luiz Viana,Machado
p291,Luiz Felipe da Mota,Cardoso
p292,Sra. Ana Julia da Paz,Cunha
p293,Sr. Breno Câmara,Pereira do Sul
p294,Heloisa Dias,Pires
p295,Dr. Matheus Câmara,Moreira de Rios
p296,Allana Cirino,Garcia
p297,Marina Nascimento,Nogueira do Oeste
p298,Maria Helena Moura,Albuquerque
p299,Renan Camargo,Camargo do Campo
p300,Dra. Amanda Camargo,Rios de Nogueira
p301,Dra. Sara Moura,Oliveira
p302,Dr. Anthony Gabriel Camargo,Brito
p303,Luiza Gomes,Guerra Paulista
p304,Noah Siqueira,Souza
p305,Srta. Juliana Machado,Abreu de Moraes
p306,Arthur Miguel da Mota,Melo
p307,Yan Moreira,Silva das Flores
p308,Augusto da Mata,Silva
p309,Luiz Henrique Freitas,Gonçalves do Campo
p310,Dr. Luiz Miguel da Luz,Pereira Verde
p311,Maria Fernanda Almeida,Leão de Barbosa
p312,Ana Lívia Fernandes,Vargas da Serra
p313,José Pedro Martins,Sá
p314,Thales da Rosa,da Luz Verde
p315,José Novais,Leão do Galho
p316,Theodoro Macedo,Viana do Oeste
p317,Matteo Pimenta,Pastor
p318,Caleb Carvalho,Martins
p319,Sra. Luana Cunha,Cardoso
p320,Mathias Costela,Gomes
p321,Davi Miguel Souza,Santos do Oeste
p322,Ravy Gomes,Costa
p323,Kevin Duarte,Lima
p324,Manuela da Mota,Peixoto
p325,Aylla da Paz,Sales da Serra
p326,Sra. Maria Cecília da Cruz,Abreu Paulista
p327,Cecília Santos,Moreira
p328,Dom Fogaça,Montenegro Verde
p329,Luiz Gustavo Sales,da Rocha Paulista
p330,Luara Aragão,Ramos
p331,Dra. Emanuelly Cassiano,Costela do Campo
p332,Sr. Lucca das Neves,Martins
p333,Lara Moura,Pimenta
p334,Melina Garcia,Gonçalves
p335,João Guilherme Pacheco,Vieira de Viana
p336,Isabelly da Luz,Caldeira
p337,Ravy Costela,da Costa
p338,Luiz Felipe Souza,Gonçalves
p339,Laura Vieira,Viana
p340,Brenda da Mota,Nogueira de Fonseca
p341,Dr. José Pedro Gomes,Abreu Grande
p342,Luiz Miguel Caldeira,Caldeira
p343,Srta. Rebeca Leão,da Luz Verde
p344,Vitor Hugo da Mata,Santos
p345,Calebe Camargo,Vieira Verde
p346,Mariane Sousa,Lima da Mata
p347,Eduardo da Rocha,Nogueira
p348,Amanda Caldeira,Campos
p349,Allana Silva,Silveira do Amparo
p350,Rebeca Souza,da Cruz de Dias
p351,Léo Cassiano,Moraes do Sul
p352,Juan Melo,Sampaio
p353,Theodoro Fernandes,Marques da Serra
p354,Vitor Pastor,da Cruz
p355,Olivia Cavalcanti,Lopes
p356,Alana da Costa,Freitas
p357,Sra. Isadora Pires,Mendonça
p358,Pedro Miguel Sampaio,Carvalho da Prata
p359,Emanuelly Ramos,Pires de Azevedo
p360,Benicio Vasconcelos,Freitas
p361,Vitor Martins,Teixeira das Pedras
p362,Alana Machado,Garcia do Campo
p363,Thiago Lima,Souza
p364,Sofia Melo,Moraes
p365,Josué Pires,da Mota
p366,Ana Liz Moura,Vasconcelos do Galho
p367,Larissa Brito,Rios
p368,Igor Peixoto,da Rosa de Pinto
p369,Apollo Mendonça,Lima do Oeste
p370,Maria Eduarda Rios,Garcia
p371,Josué Aparecida,Sampaio
p372,Dante Cunha,Leão
p373,João Lucas da Cruz,Guerra de Monteiro
p374,Pedro Lucas Machado,Freitas
p375,Davi Lucca Duarte,Andrade
p376,Sr. Luigi Pastor,Leão de Leão
p377,Luiz Henrique Sá,Rios dos Dourados
p378,Srta. Maria Fernanda Cunha,Fernandes do Sul
p379,Dr. Dom Correia,Rios
p380,João Vitor Marques,Duarte do Campo
p381,Vinicius Macedo,Cavalcante de Araújo
p382,João Felipe Pereira,Ferreira
p383,Theodoro Machado,Pimenta
p384,Carlos Eduardo Peixoto,da Cruz do Campo
p385,Srta. Brenda Pimenta,Novais de Porto
p386,Olívia Moura,Cardoso do Oeste
p387,Helena Novaes,Rezende da Prata
p388,Heloísa Casa Grande,Brito
p389,Henry Gabriel da Mota,Cavalcante do Sul
p390,Maria Sophia Caldeira,Monteiro da Prata
p391,Dr. Bento Pacheco,Caldeira
p392,Vitor Silva,Camargo
p393,Maria Júlia Marques,Campos do Sul
p394,Liam Andrade,Nascimento Verde
p395,Isabela Castro,Pimenta de Pereira
p396,Mirella da Rosa,Aragão
p397,Apollo Costela,Correia dos Dourados
p398,Sr. Arthur Miguel Sá,Duarte
p399,Pietro da Cunha,Cunha
p400,Emanuella da Costa,Dias da Prata
p401,Ana Carolina Câmara,Camargo do Galho
p402,João Miguel Cavalcanti,Moreira do Galho
p403,Caio Sá,Novaes da Mata
p404,Eduarda Nascimento,Duarte
p405,Lorenzo da Rosa,Garcia da Mata
p406,Dr. Murilo da Rosa,Cavalcanti de Casa Grande
p407,Lucas Souza,Nascimento de Ferreira
p408,Thomas Duarte,Garcia do Galho
p409,Gustavo Henrique Montenegro,da Luz
p410,Daniela Mendonça,Martins do Amparo
p411,Elisa Rios,Lopes do Sul
p412,Maya Moura,das Neves
p413,Rodrigo Peixoto,Cavalcante
p414,Otávio Ribeiro,da Mata
p415,Maria Júlia da Rosa,Rezende de Dias
p416,Vinícius da Luz,Cassiano
p417,Maria Luísa Rodrigues,Cassiano
p418,Dr. Lucas Gabriel Barros,Fogaça
p419,Davi Luiz Pimenta,Duarte do Campo
p420,Cauê Castro,Nogueira de Minas
p421,Bianca Rezende,Abreu Verde
p422,Sr. Valentim Silva,Cavalcanti
p423,Sr. Eduardo da Cunha,Lopes
p424,Matteo Carvalho,Vieira
p425,Maria Fernanda Souza,Lopes da Praia
p426,Vitor Hugo Vasconcelos,Pires
p427,Nathan da Paz,Nogueira
p428,Ayla da Costa,das Neves
p429,Sr. Luigi Duarte,Vieira da Prata
p430,Eloá Leão,Lopes Verde
p431,Olivia Borges,Nogueira Paulista
p432,Sara Rios,da Mata do Galho
p433,Alícia Vieira,Martins do Amparo
p434,Emanuel Rios,Fernandes do Amparo
p435,Maria Júlia das Neves,Freitas
p436,Sr. Yuri Ribeiro,Albuquerque da Prata
p437,Raquel Ferreira,Cavalcante de Mendonça
p438,Heitor Rocha,Castro da Praia
p439,Thiago Marques,Rios da Praia
p440,Dra. Antonella Santos,Monteiro
p441,Maria Liz Vasconcelos,Novaes
p442,Liz Aragão,Moura
p443,Melissa Araújo,Machado
p444,Theo Melo,Melo
p445,Henrique Cunha,da Rosa
p446,Luan Barbosa,Almeida
p447,Gustavo Henrique Carvalho,Câmara
p448,Sr. João Gabriel Ferreira,Mendes de Goiás
p449,Luiz Gustavo Jesus,Vargas
p450,Leandro Pereira,da Paz de Minas
p451,Ana Cecília Cunha,Castro
p452,Leonardo Jesus,Rezende
p453,Kamilly Costela,Sampaio de Minas
p454,Sara da Cruz,Melo de Novaes
p455,Maria da Mota,da Costa de Goiás
p456,Ravy Correia,Farias
p457,Rodrigo Andrade,Costela
p458,Dra. Bella da Mata,Sousa da Serra
p459,Luara Campos,Abreu
p460,Bianca da Luz,Melo
p461,Sra. Manuella Pinto,Mendonça
p462,Bernardo Sá,Freitas da Praia
p463,Emilly Fogaça,Oliveira Alegre
p464,Francisco Vargas,Rodrigues
p465,Alice Mendonça,Monteiro das Flores
p466,Ana Sophia da Mata,Camargo
p467,André Brito,Silva
p468,Amanda Carvalho,Pires de Minas
p469,Isaac Barros,Barros
p470,Otávio Macedo,Costa de Ramos
p471,Lorena da Mota,Santos
p472,Dra. Camila Silveira,Sá
p473,Melina Siqueira,da Conceição
p474,Juliana das Neves,Montenegro de Gomes
p475,Dr. Nathan Porto,Peixoto
p476,João Leão,Fernandes
p477,Matheus Gomes,Silva
p478,Miguel Lopes,Freitas
p479,Nicole Machado,Cavalcanti do Oeste
p480,Gustavo Henrique Pimenta,Teixeira do Sul
p481,Pietro da Paz,Peixoto
p482,Antonella Pereira,Porto do Norte
p483,Bruno Silva,da Mata
p484,Aylla Duarte,Correia de Goiás
p485,Yasmin Cavalcante,Vargas
p486,Srta. Maria Helena Camargo,Ramos
p487,Dr. Cauê Vargas,das Neves de Aragão
p488,Sophie Pinto,Machado
p489,Joaquim Peixoto,Cassiano da Mata
p490,Valentim Mendes,Aragão de Souza
p491,Enzo Moura,Ramos
p492,Davi Miguel Cavalcanti,Pinto da Mata
p493,Isadora Azevedo,Duarte
p494,Sabrina Lima,Guerra
p495,Arthur Miguel Albuquerque,da Cunha do Amparo
p496,Arthur da Rosa,Castro
p497,João Felipe Silva,Jesus
p498,Renan Alves,Rezende Verde
p499,Olívia Pires,Freitas de Rezende
p500,Ravy Abreu,Machado
p501,Sarah Oliveira,Cassiano da Prata
p502,Luiza Cassiano,Sousa
p503,Sr. Calebe Costela,Gonçalves
p504,Aylla Macedo,da Costa de Pastor
p505,Sr. Vitor Gabriel Lima,Moura
p506,Felipe da Costa,Barros de da Costa
p507,Eloá da Rosa,Azevedo
p508,Eduarda Cardoso,Nogueira do Oeste
p509,Lívia Freitas,Vieira de Goiás
p510,Kaique da Conceição,Azevedo
p511,Ana Beatriz Vasconcelos,Lopes de Minas
p512,Rebeca Novais,Souza de Sousa
p513,Ágatha Ramos,Moraes da Mata
p514,Rodrigo Ferreira,Marques de Cassiano
p515,Diego Barros,Nogueira
p516,Maria Sophia Souza,Costela das Flores
p517,Emilly Lopes,Barbosa
p518,Lucas Ramos,Fonseca
p519,Srta. Joana Vargas,Pimenta de Guerra
p520,José Pedro Pereira,Novais
p521,Ana Liz Peixoto,Cirino de Machado
p522,Sra. Ana Rezende,Aparecida do Norte
p523,Davi Lucca Nogueira,da Costa
p524,Henry Câmara,Casa Grande de da Cunha
p525,Kamilly Cunha,Melo
p526,Lucas Cunha,Souza de Moraes
p527,Srta. Marina Peixoto,Siqueira de Mendes
p528,Dra. Antonella Caldeira,Rezende
p529,Carlos Eduardo Rezende,Moreira
p530,Stella Ferreira,das Neves
p531,Agatha Nascimento,Oliveira
p532,Ísis Monteiro,Vargas das Pedras
p533,Josué Leão,Novais
p534,Maria Julia Lopes,Abreu do Galho
p535,Sr. Joaquim Barbosa,Rios Paulista
p536,Dr. Pedro Silveira,Freitas de da Rocha
p537,Dr. Josué Rodrigues,da Rocha de Macedo
p538,Matheus Moraes,Silva de Rocha
p539,Brenda da Conceição,Castro Verde
p540,Pedro Lucas Vasconcelos,Almeida
p541,Milena da Costa,Silva de Moura
p542,Agatha Rocha,Peixoto
p543,Manuella Sampaio,Castro
p544,Paulo Nogueira,Araújo do Campo
p545,Ágatha Gonçalves,Sousa das Flores
p546,Srta. Agatha Garcia,Montenegro de Fonseca
p547,Sr. Emanuel Câmara,Sousa
p548,Dr. José Cirino,Nascimento
p549,Luan Correia,Brito
p550,Dr. Leonardo Teixeira,Duarte de Melo
p551,Dra. Ana Júlia Farias,Sá
p552,Yasmin Fonseca,Silva das Flores
p553,Dra. Maria Camargo,Freitas de Viana
p554,Dra. Mirella Gonçalves,Barros do Oeste
p555,Ana Júlia Costa,Nunes
p556,Alexia Costa,Vieira
p557,Luna Moreira,Guerra das Flores
p558,Dra. Isabelly Siqueira,Lopes
p559,Stella Cavalcante,Borges do Sul
p560,Isaac Albuquerque,Vasconcelos
p561,Sr. Liam Nunes,Gomes das Flores
p562,Maria Isis Macedo,Aragão
p563,Ana Júlia Sá,Gomes
p564,Rodrigo Moura,Garcia do Oeste
p565,Heloisa Freitas,Porto
p566,Maria Helena Pinto,Novais do Sul
p567,Levi das Neves,Camargo de Pastor
p568,Enzo Pereira,Jesus Paulista
p569,Igor Rodrigues,Araújo
p570,Bárbara Aragão,Martins de Minas
p571,Elisa Albuquerque,Pereira
p572,Maitê Pires,Dias da Mata
p573,João Vitor Caldeira,Souza
p574,Raul Moura,Ribeiro Alegre
p575,Daniel da Conceição,Nogueira do Galho
p576,Otávio Sousa,Moura da Prata
p577,Raul da Mota,Moreira de Novais
p578,Rodrigo Monteiro,da Cruz
p579,Benjamin Garcia,Fogaça
p580,Ian da Mota,Rodrigues
p581,Eloah Rocha,Rocha Alegre
p582,Dr. Dante da Rocha,da Rosa
p583,Sr. Ravy Monteiro,Rios de Santos
p584,Fernanda Campos,Moreira
p585,Melina da Rosa,Pinto de Albuquerque
p586,Camila Moraes,Cavalcanti
p587,Sr. Ravi Lucca Porto,Ribeiro
p588,Enzo Almeida,Alves do Oeste
p589,Kevin da Conceição,Duarte do Campo
p590,Heloísa Fernandes,Rezende do Campo
p591,Dr. Bento Marques,Rocha
p592,Isabela Campos,Leão Verde
p593,Sra. Hellena Camargo,Moraes das Flores
p594,Sr. Vicente Freitas,Macedo
p595,Sr. Enzo Pimenta,Leão
p596,Ana Beatriz da Rosa,Duarte
p597,Sr. Calebe Cavalcanti,Martins do Sul
p598,Maria Julia Ramos,Sales do Galho
p599,Helena Novaes,Siqueira das Pedras
p600,Luana Aragão,Lopes Paulista
p601,Luiz Gustavo das Neves,Rocha
p602,Beatriz Barbosa,da Rosa do Oeste
p603,Srta. Emanuella Moura,da Costa
p604,Benjamin Jesus,Albuquerque
p605,Manuela Rocha,Azevedo
p606,Caio Fonseca,Pinto
p607,Helena Lima,da Luz do Amparo
p608,Maria Flor Campos,Marques de das Neves
p609,Vitor Gabriel Pires,Gonçalves Paulista
p610,João Leão,Duarte
p611,Vitor Gabriel Novaes,da Luz
p612,Diogo Guerra,Alves
p613,Pedro Miguel Nunes,Pastor da Mata
p614,Marcela da Mata,da Paz Alegre
p615,Dr. Francisco Borges,Moura
p616,Sr. Pietro Caldeira,Mendonça
p617,Isaac da Rocha,Fonseca
p618,Anna Liz da Cruz,Fogaça dos Dourados
p619,Ana Sophia Cassiano,Novais de Goiás
p620,Vitor Gabriel Fonseca,Guerra
p621,Dra. Ana Carolina Souza,Campos
p622,Sr. Mathias Carvalho,Silveira
p623,Sra. Maria Luísa Almeida,Pinto do Oeste
p624,Gustavo Henrique da Rosa,Cardoso Verde
p625,Dr. Luan Mendonça,Vasconcelos
p626,Srta. Maya Melo,Aragão Alegre
p627,Alana Mendonça,Santos
p628,Bella Casa Grande,Melo do Sul
p629,Benício da Cunha,Mendes da Prata
p630,Liz Viana,Campos
p631,Srta. Maria Helena Costela,Mendes
p632,Gustavo Henrique Novaes,Andrade
p633,Maria Sophia Sá,Sampaio da Praia
p634,Vinicius Fonseca,Sá
p635,Cecilia Alves,Aparecida de Guerra
p636,Ravi Teixeira,Sales de Minas
p637,Noah Alves,Sá de Carvalho
p638,Luiz Gustavo Viana,Almeida da Praia
p639,Pietro Novais,Sampaio da Serra
p640,Bryan Monteiro,Castro Grande
p641,Lorena Abreu,Vargas da Praia
p642,Matteo Vasconcelos,Fernandes de Vasconcelos
p643,Josué da Mota,Pinto
p644,Emanuella Pinto,Ramos
p645,Benjamim Cirino,Araújo
p646,Manuela Viana,das Neves
p647,Raul Rodrigues,Gonçalves
p648,Yan Borges,da Costa do Norte
p649,Stella Machado,Almeida da Praia
p650,Anna Liz da Paz,Rodrigues do Galho
p651,Gabriel Fogaça,Cassiano
p652,Ana Luiza Sales,Pinto
p653,Ryan Pinto,Mendonça do Amparo
p654,Lorenzo Pacheco,Nascimento
p655,Murilo Pimenta,Cirino Grande
p656,Olivia Caldeira,Pacheco
p657,Maria Jesus,da Luz do Campo
p658,Eloah Teixeira,Sampaio
p659,João Pimenta,Mendonça
p660,Ana Liz da Cruz,Novais de da Costa
p661,Antony da Cruz,Leão dos Dourados
p662,João Vitor da Conceição,da Conceição Alegre
p663,Sr. Isaque Marques,Nogueira
p664,Zoe Rocha,Moreira
p665,Ana Pastor,das Neves
p666,Dra. Vitória da Costa,Azevedo de Rios
p667,Natália Costa,Cassiano
p668,Benicio Gomes,Almeida
p669,Ayla Vieira,Alves de Minas
p670,João Gabriel Cunha,Cirino
p671,João Gabriel Casa Grande,Fogaça
p672,Dr. Antônio Cavalcanti,Pimenta
p673,Rhavi Novaes,Santos Paulista
p674,Noah Leão,Camargo da Praia
p675,Daniel Jesus,Cardoso de Minas
p676,Ana Sophia Cunha,Duarte
p677,Dra. Ana Liz Caldeira,Pacheco de Ribeiro
p678,Renan Novaes,Cirino
p679,Lunna Rios,Moreira do Campo
p680,Ravy Nogueira,Sales
p681,Laura Rios,Barros
p682,Dr. Diogo Silva,Garcia
p683,Dr. Enzo Gabriel Vargas,Cassiano da Mata
p684,Emanuel Camargo,Nogueira de Cavalcanti
p685,Sra. Amanda Rocha,da Luz
p686,Enrico Sales,da Mata
p687,Antony da Rocha,Nogueira de Araújo
p688,Sr. Diego Cunha,Cardoso Verde
p689,Isis Duarte,Machado de Siqueira
p690,Ana Lívia Jesus,Campos
p691,Raul Alves,Moreira Alegre
p692,Levi Nascimento,Peixoto
p693,Dra. Ana Lívia Azevedo,Siqueira das Pedras
p694,Caio Costela,da Paz do Campo
p695,Lucas Rios,Macedo
p696,Beatriz Cirino,Fernandes
p697,Lavínia Andrade,Ramos do Oeste
p698,Sra. Laura Cunha,Pereira
p699,Allana Teixeira,Novais do Amparo
p700,Luiz Henrique Costela,Monteiro
p701,Mariana da Rocha,Campos de Minas
p702,Srta. Olivia Montenegro,Moraes dos Dourados
p703,Heitor Rocha,Correia das Flores
p704,Ana Vitória Monteiro,da Luz
p705,Clarice da Rosa,Castro
p706,Vitor Borges,Leão da Mata
p707,Ana Lívia Nascimento,Guerra de Fonseca
p708,Sara Abreu,Vieira
p709,Isabelly Nunes,Aragão
p710,Alexandre Almeida,da Cruz
p711,Anthony Viana,Siqueira
p712,Erick Pires,Leão
p713,Daniel Vasconcelos,Duarte da Serra
p714,Ana Júlia Garcia,Câmara
p715,Henry Fernandes,Almeida de Lopes
p716,Murilo da Rosa,Lima
p717,Stella Fonseca,Souza
p718,Maria Eduarda Barros,Monteiro da Praia
p719,Renan Pinto,Pacheco
p720,Dr. Caio Rocha,Porto
p721,Bruna da Rocha,Vasconcelos das Pedras
p722,Bryan Rocha,da Cunha
p723,Antonella Leão,Santos
p724,Davi Lucca Rios,Martins
p725,Murilo Jesus,Cavalcanti da Prata
p726,Sophia Aragão,Freitas
p727,Aurora Viana,Martins
p728,Dr. Gael Henrique Fernandes,Sales
p729,Dra. Fernanda Jesus,Machado do Galho
p730,Ester Nascimento,Ribeiro da Prata
p731,Arthur Miguel da Costa,Lopes
p732,Laís Novais,Machado das Pedras
p733,Sra. Luísa Pinto,Peixoto de Silveira
p734,Ana Laura Câmara,Rios do Sul
p735,Pedro Henrique Lopes,Campos de Mendonça
p736,Sr. Antony Pastor,Câmara de Nunes
p737,Laís Nogueira,Sampaio
p738,Matheus Nogueira,Lima dos Dourados
p739,Ana Lívia da Luz,Rocha
p740,Ana Sophia Marques,Silva
p741,Diego Pinto,Câmara
p742,Bento Ribeiro,Sales de Minas
p743,Levi Abreu,Vieira de Costela
p744,Maria Vitória Pimenta,Melo
p745,Luiz Fernando Montenegro,da Rosa
p746,Valentim Fernandes,Aragão
p747,Ana Julia Oliveira,Montenegro do Sul
p748,Maria Luiza Mendes,Câmara
p749,Srta. Laís Cunha,Jesus
p750,Luara da Paz,Farias
p751,Thiago Farias,Costa
p752,Isabella Pires,Vargas
p753,Renan Fogaça,da Rocha de Oliveira
p754,Pedro Lucas Mendes,Araújo
p755,Dr. Benício Campos,Fogaça dos Dourados
p756,Dra. Juliana Novais,da Paz de Freitas
p757,Cecília Câmara,Sousa do Norte
p758,Ana Luiza Silveira,Melo da Prata
p759,Sra. Mariah Cirino,Sousa de Oliveira
p760,Emanuella Lopes,Vieira do Oeste
p761,Pedro Lucas Cunha,Sales de Pacheco
p762,Rebeca Campos,Siqueira
p763,Isabella Santos,Macedo
p764,Thales da Paz,da Mata
p765,Kamilly Santos,Vasconcelos de da Rocha
p766,Esther Oliveira,Sousa da Serra
p767,Pietro Silveira,Vasconcelos do Galho
p768,Benicio Casa Grande,Costa
p769,Luiza Cavalcante,da Costa do Amparo
p770,Dr. Emanuel Cunha,Casa Grande de Goiás
p771,Nina Andrade,Sampaio Grande
p772,Amanda Câmara,Ribeiro da Serra
p773,José Miguel Lopes,Melo do Sul
p774,Cecília Fogaça,Duarte
p775,Stella Lopes,Pinto do Campo
p776,Maria Júlia Pastor,da Rocha
p777,Maria Alice Pastor,Rodrigues de Silva
p778,Francisco Farias,Macedo do Campo
p779,Isabella Cardoso,Caldeira
p780,Srta. Isis Cirino,Costa de Pacheco
p781,Isabel da Conceição,Nascimento de Goiás
p782,Luara Santos,Brito do Norte
p783,João Gabriel Barros,Moreira da Prata
p784,Eduardo Lima,Camargo
p785,Luiz Felipe Viana,Machado
p786,Beatriz da Mata,Andrade Alegre
p787,Marcos Vinicius Alves,Carvalho de Leão
p788,Bárbara Mendes,Lopes de Santos
p789,Diego Cirino,Barros do Norte
p790,Dra. Maitê Rezende,Gonçalves
p791,Kamilly Fogaça,Duarte
p792,Sra. Kamilly Pacheco,Casa Grande do Norte
p793,Sra. Maria Eduarda Cavalcante,Fonseca
p794,Henrique Casa Grande,Machado de Martins
p795,Caleb Santos,da Rocha do Oeste
p796,Mathias Garcia,Nogueira da Prata
p797,Mariah da Cruz,da Mota
p798,Isadora Ramos,Teixeira
p799,Lívia Cavalcanti,da Cunha
p800,Rafael Rios,Almeida do Campo
p801,Heitor Alves,Silveira de Montenegro
p802,Olivia Alves,Macedo do Norte
p803,Anna Liz Cirino,Leão da Praia
p804,Dr. Noah Barbosa,Costa
p805,Alice Rios,Aragão
p806,Maria Luiza Mendes,Nogueira
p807,Sra. Rebeca Santos,da Rocha do Campo
p808,Maria Luísa Aparecida,Albuquerque de Minas
p809,Gael Henrique Pires,Vasconcelos
p810,Sra. Isabela Costela,Ramos
p811,Sr. Rael Jesus,Correia do Sul
p812,Cauã Brito,Caldeira de Campos
p813,Ana Liz Jesus,Alves
p814,Enzo Gabriel Guerra,Ferreira de Minas
p815,Luigi Mendonça,Cirino
p816,Daniela Peixoto,Gonçalves de Fernandes
p817,Srta. Pietra Duarte,Macedo Paulista
p818,Antony da Mota,Vargas
p819,Dr. Renan Pinto,Pacheco Grande
p820,Eduarda Jesus,Borges
p821,Anthony Gabriel Viana,Mendonça do Norte
p822,Lorenzo Sousa,Siqueira de Minas
p823,Yan Cavalcante,da Cruz do Oeste
p824,Antonella Campos,Rocha
p825,Vinícius Nascimento,Rezende
p826,Rael Sá,Borges
p827,Josué Albuquerque,da Cruz
p828,João Cunha,Ribeiro
p829,Raquel Lima,Castro da Prata
p830,Anna Liz Pires,Correia
p831,Levi da Luz,Cirino
p832,Sr. João Felipe Siqueira,Nascimento
p833,Benício Oliveira,Porto
p834,Lunna das Neves,Carvalho do Amparo
p835,Dr. Davi Lucca Ramos,Camargo
p836,Breno Pacheco,Barros Grande
p837,Sr. Samuel Nogueira,Costela
p838,Aurora Vargas,Casa Grande
p839,Dr. Gael Henrique Freitas,Fogaça
p840,Brenda Pacheco,Camargo
p841,Augusto Souza,Aragão das Flores
p842,Alana Alves,Leão do Campo
p843,Ravy Carvalho,Pastor de da Rosa
p844,Benicio Vieira,Cardoso
p845,Eduardo da Rosa,Teixeira da Mata
p846,Valentim Casa Grande,da Cunha
p847,Srta. Nina Albuquerque,Pastor dos Dourados
p848,Srta. Allana Ferreira,Garcia
p849,Dante Caldeira,Aragão de Goiás
p850,Lorenzo Vargas,da Rosa do Oeste
p851,Mariah Albuquerque,Cunha Verde
p852,Luara Cunha,Jesus de Vargas
p853,Maria Liz Santos,Vargas da Mata
p854,Pedro Miguel Câmara,Castro
p855,Bruno Azevedo,Alves do Norte
p856,Davi Lucas Sousa,da Paz
p857,Raquel Garcia,Abreu de Caldeira
p858,Ísis Cirino,Guerra
p859,Maria Leão,Moraes
p860,João Miguel Sampaio,da Paz de Goiás
p861,Rafaela Castro,Dias de Rocha
p862,Breno da Mata,Sampaio
p863,Ana Júlia Cardoso,Caldeira do Oeste
p864,Carolina da Costa,Moreira
p865,Helena Nogueira,Araújo Alegre
p866,Vinicius Albuquerque,Correia de Abreu
p867,João Guilherme Sales,Cirino
p868,Antonella Ramos,Sampaio
p869,Natália Macedo,Ribeiro Verde
p870,Kamilly da Cunha,Pinto do Amparo
p871,Henrique Cardoso,Siqueira
p872,Nathan Caldeira,Araújo
p873,Melissa Alves,Santos da Mata
p874,Eloá Sá,Vieira
p875,Miguel Peixoto,Correia das Pedras
p876,Anthony Gabriel Cirino,Farias
p877,Brenda Lopes,da Cruz do Campo
p878,Helena Ferreira,da Cunha dos Dourados
p879,Luiz Miguel Nogueira,Moura do Sul
p880,Sr. Arthur Gabriel Barros,da Mota
p881,Theodoro Guerra,Melo da Mata
p882,Henrique Freitas,Abreu das Pedras
p883,Mariah Sá,Rios
p884,Hadassa Albuquerque,Porto Paulista
p885,Matheus Mendonça,da Luz Paulista
p886,Mariah Rodrigues,Pinto do Galho
p887,Pedro Sá,Fernandes de Sá
p888,Sr. Antony Ribeiro,Lopes Paulista
p889,Benjamin Aparecida,Camargo
p890,Davi Araújo,Abreu dos Dourados
p891,Ayla da Rosa,Cavalcanti do Oeste
p892,Dr. Vinícius Siqueira,Silveira
p893,Sra. Stephany Gomes,Casa Grande dos Dourados
p894,Alexandre Cirino,da Rosa
p895,Ana Vitória da Rosa,Cavalcanti da Praia
p896,Manuella Borges,Ramos
p897,Isaque Silveira,Pereira
p898,Lorena Moreira,Ramos do Campo
p899,Evelyn Nogueira,Abreu
p900,Lucas Cassiano,Rocha
p901,Miguel Pires,Costela da Prata
p902,Dra. Milena Freitas,Rezende
p903,Stephany da Rosa,Rezende
p904,Esther Sá,Nunes de Goiás
p905,Valentina Alves,Novais
p906,Leandro Castro,Pastor do Amparo
p907,Enzo Sousa,da Cruz
p908,Laís Cardoso,da Cunha Grande
p909,Caio Andrade,Almeida
p910,Dr. Arthur Miguel Caldeira,Brito
p911,Sr. Davi Lucca Araújo,da Rosa dos Dourados
p912,Kamilly Pereira,Moura da Serra
p913,Benjamin Araújo,Santos do Galho
p914,Heitor Pimenta,Souza
p915,Clarice Casa Grande,Aragão Grande
p916,Renan da Conceição,das Neves
p917,Luiz Felipe Borges,Mendonça
p918,Sr. Eduardo da Mata,Viana
p919,Esther Farias,Farias
p920,Lara Melo,das Neves
p921,Dr. Vitor Gabriel da Cunha,Sá
p922,Valentina Souza,Cirino da Praia
p923,Eduarda Peixoto,Rezende Alegre
p924,Davi Lucca Novais,Peixoto
p925,Maria Flor Fogaça,Alves
p926,Murilo Fonseca,Aparecida de Gomes
p927,Fernando Aparecida,Vieira
p928,Sofia da Luz,Silveira Verde
p929,Antônio da Luz,da Paz
p930,Aurora Almeida,Ferreira de Pastor
p931,Daniel Rocha,Porto
p932,Isabela Pimenta,Ferreira
p933,Anna Liz da Cunha,Casa Grande
p934,Maria Luísa Sales,Campos de Alves
p935,Lorenzo da Cruz,Andrade de Peixoto
p936,Dra. Zoe Cassiano,Peixoto do Norte
p937,Ryan Pinto,Nascimento
p938,Theo Montenegro,Lopes da Praia
p939,Beatriz Novaes,Machado
p940,Emanuella Marques,Guerra de Costa
p941,Vitor Hugo Moreira,Araújo
p942,Lara Brito,Albuquerque
p943,Maria Isis Duarte,Moreira de Cunha
p944,Bryan Vargas,da Conceição
p945,Elisa Barbosa,Albuquerque
p946,Dr. Matteo Novaes,Sampaio
p947,Cauê da Cruz,Cunha
p948,Dr. Luiz Miguel Oliveira,Vasconcelos de Monteiro
p949,Sra. Camila Leão,da Cruz Verde
p950,Diogo Castro,Pacheco Verde
p951,Maria Isis Guerra,Machado
p952,Vicente Aparecida,Sampaio de Rodrigues
p953,Ana Julia Ramos,Araújo
p954,Sra. Aurora Cirino,Pimenta
p955,Dr. Kevin Cavalcanti,da Mata
p956,Maysa Ferreira,Almeida
p957,Sr. Paulo Nogueira,da Mota
p958,Stella Vasconcelos,Santos Paulista
p959,Anthony Silveira,Aparecida de Minas
p960,Davi Duarte,Marques
p961,Yasmin Cavalcante,Pires da Prata
p962,Matteo Fonseca,Castro
p963,Josué Martins,Araújo dos Dourados
p964,Dr. Rafael Almeida,Vargas de Cavalcante
p965,Melina Mendonça,das Neves de Andrade
p966,Vitor Gabriel Gomes,Nascimento
p967,Bruno Pimenta,Carvalho
p968,Ravy Araújo,Câmara
p969,Sofia Pimenta,Silva de Lima
p970,Elisa Dias,Caldeira de Souza
p971,Danilo Montenegro,Fonseca do Norte
p972,Calebe Martins,Câmara do Oeste
p973,Zoe Castro,Pereira
p974,Sra. Melina Sales,Andrade
p975,Juliana Sá,Alves
p976,Bruno Marques,da Rosa Alegre
p977,Maitê Gonçalves,Pimenta Paulista
p978,Davi Lucca Martins,Rodrigues de Minas
p979,Sr. Benício Farias,Aragão da Mata
p980,Gabriel Almeida,Barbosa dos Dourados
p981,Valentina Farias,Montenegro de Minas
p982,Bianca Novais,Sales
p983,Lorena Sampaio,Sá do Galho
p984,Daniela Machado,Mendonça
p985,Benício Pereira,Barbosa
p986,Matteo da Costa,Mendonça de da Cruz
p987,Anna Liz Azevedo,da Luz de Caldeira
p988,Isabella Vasconcelos,da Cunha do Campo
p989,Yago Aparecida,Fogaça do Sul
p990,Ana Vitória Sousa,da Cunha Verde
p991,Antônio Peixoto,Moreira
p992,Bento Pereira,Mendonça Verde
p993,Maria Luísa Cirino,Pimenta do Sul
p994,Mathias Alves,Sales
p995,Srta. Maria Liz Aparecida,Souza
p996,Antonella Pinto,Casa Grande
p997,Sra. Maria Cavalcante,Campos da Serra
p998,Sra. Yasmin Castro,Fernandes
p999,Daniela Brito,Moraes de Pereira
